id;nom_app;password;action;status;message;date_demande;date_retour;user
1;Cambridgeshire feed;Bedfordshire;tolerance;vortals hard leading;synthesizing du matrix;2022-05-26;2022-05-26;black
2;a Rubber Intuitive;partnerships AGP hacking;Limousin pixel;lavender c Dram;Corse Borders;2022-05-27;2022-05-27;multi-byte open Saint-Marin
3;Cotton Towels interfaces;Music implement Sleek;scale bandwidth Borders;orchestrate;alarm;2022-05-26;2022-05-27;Basse-Normandie ADP override
4;UIC-Franc partnerships;AI Card;Graphic Coordinateur bandwidth;Agent;neural withdrawal compelling;2022-05-26;2022-05-27;Sports
5;b Fantastic c;transmitter;leading-edge index mesh;multi-byte;Auvergne AGP cross-platform;2022-05-27;2022-05-26;SDR
6;Cambridgeshire;Plastic;Consultant;monitor b circuit;wireless Granite hack;2022-05-26;2022-05-26;Bolivie Synchronised payment
7;Clothing;bricks-and-clicks Rubber;Buckinghamshire;architecture Grass-roots b;withdrawal leverage;2022-05-27;2022-05-26;Home Steel JSON
8;copying alarm;Focused Ball Bacon;asymmetric Auto AGP;Tasty Borders card;Lettonie;2022-05-26;2022-05-27;Steel attitude-oriented c
9;application;policy;protocol Alsace;mission-critical Rupee;calculating;2022-05-27;2022-05-26;Vision-oriented
10;tertiary utilisation;program synthesize;Executif Fresh;a;Manager Savings;2022-05-27;2022-05-27;Borders
